﻿<?xml version="1.0" encoding="utf-8"?>
<manifest xmlns="http://www.5kym.com" versionCode="0.6">
	<application setting="true">
		<name><![CDATA[摇一摇跑马]]></name>
		<identifie><![CDATA[meepo_paoma]]></identifie>
		<version><![CDATA[2.4]]></version>
		<type><![CDATA[business]]></type>
		<ability><![CDATA[摇一摇跑马]]></ability>
		<description><![CDATA[摇一摇跑马]]></description>
		<author><![CDATA[悟空源码分享网]]></author>
		<url><![CDATA[http://www.5kym.com]]></url>
	</application>
	<platform>
		<subscribes>
		</subscribes>
		<handles>
			<message type="text" />
		</handles>
		<rule embed="true" />
		<card embed="false" />
	</platform>
	<bindings>
		<rule>
			<entry title="活动管理" do="manage" />
		</rule>
	</bindings>
	<install><![CDATA[CREATE TABLE `ims_meepo_paoma_activity` (
  `id` int(11) NOT NULL AUTO_INCREMENT,
  `weid` int(5) NOT NULL,
  `rid` int(10) NOT NULL,
  `status` tinyint(1) NOT NULL,
  `pnum` int(10) NOT NULL DEFAULT '1',
  `sendredpack` int(2) NOT NULL DEFAULT '2',
  `one_money` int(10) NOT NULL DEFAULT '100',
  `two_money` int(10) NOT NULL DEFAULT '90',
  `three_money` int(10) NOT NULL DEFAULT '80',
  `four_money` int(10) NOT NULL DEFAULT '70',
  `five_money` int(10) NOT NULL DEFAULT '60',
  `six_money` int(10) NOT NULL DEFAULT '50',
  `seven_money` int(10) NOT NULL DEFAULT '40',
  `eight_money` int(10) NOT NULL DEFAULT '30',
  `nine_money` int(10) NOT NULL DEFAULT '20',
  `ten_money` int(10) NOT NULL DEFAULT '10',
  `createtime` int(12) NOT NULL,
  PRIMARY KEY (`id`)
) ENGINE=MyISAM DEFAULT CHARSET=utf8 ROW_FORMAT=DYNAMIC;

CREATE TABLE `ims_meepo_paoma_redpack` (
  `id` int(11) NOT NULL AUTO_INCREMENT,
  `weid` int(11) NOT NULL,
  `rid` int(10) NOT NULL,
  `rotate_id` int(11) NOT NULL,
  `from_user` varchar(100) NOT NULL,
  `openid` varchar(100) NOT NULL,
  `money` varchar(100) NOT NULL,
  `num` int(10) NOT NULL DEFAULT '0',
  `createtime` bigint(20) NOT NULL DEFAULT '0',
  PRIMARY KEY (`id`)
) ENGINE=MyISAM DEFAULT CHARSET=utf8 ROW_FORMAT=DYNAMIC;

CREATE TABLE `ims_meepo_paoma_reply` (
  `id` int(11) NOT NULL AUTO_INCREMENT,
  `weid` int(5) NOT NULL,
  `rid` int(10) NOT NULL,
  `title` varchar(100) NOT NULL,
  `description` varchar(500) NOT NULL,
  `cover` varchar(300) NOT NULL,
  `loginpass` varchar(20) NOT NULL DEFAULT 'meepo' COMMENT '开场密码',
  `ready_time` int(10) NOT NULL DEFAULT '10' COMMENT '倒计时秒数',
  `slogan_list` text NOT NULL COMMENT '顶部标语',
  `qr` varchar(300) NOT NULL COMMENT 'qr',
  `maxshake` int(10) NOT NULL DEFAULT '100' COMMENT '顶部标语',
  `bg` varchar(300) NOT NULL COMMENT 'qr',
  `roundbg` varchar(300) NOT NULL COMMENT 'roundbg',
  `roundcolor` varchar(300) NOT NULL COMMENT 'COLOR',
  `awardsame` int(10) NOT NULL DEFAULT '1' COMMENT '顶部标语',
  `appbg` varchar(300) NOT NULL COMMENT 'roundbg',
  `logo_top` varchar(300) NOT NULL COMMENT 'roundbg',
  `logo_bottom` varchar(300) NOT NULL COMMENT 'roundbg',
  `acceleration` int(10) NOT NULL DEFAULT '4000' COMMENT '顶部标语',
  `shake_cup` varchar(300) NOT NULL COMMENT 'COLOR',
  `gameovermusic` varchar(300) NOT NULL COMMENT 'COLOR',
  `musicurl` varchar(300) NOT NULL COMMENT 'COLOR',
  `ma1` varchar(300) NOT NULL COMMENT 'COLOR',
  `ma2` varchar(300) NOT NULL COMMENT 'COLOR',
  `tutu` varchar(300) NOT NULL COMMENT 'COLOR',
  `waitingbg` varchar(300) NOT NULL COMMENT 'waitingbg',
  `_desc` varchar(100) DEFAULT NULL,
  `appid` varchar(100) DEFAULT NULL,
  `secret` varchar(100) DEFAULT NULL,
  `mchid` varchar(20) DEFAULT NULL,
  `ip` varchar(25) DEFAULT NULL,
  `top_words` varchar(300) DEFAULT NULL,
  `signkey` varchar(32) DEFAULT NULL,
  `leafContainer_image1` varchar(300) NOT NULL COMMENT 'qr',
  `leafContainer_image2` varchar(300) NOT NULL COMMENT 'qr',
  `leafContainer_image3` varchar(300) NOT NULL COMMENT 'qr',
  `leafContainer_image4` varchar(300) NOT NULL COMMENT 'qr',
  `leafContainer_show` tinyint(1) NOT NULL DEFAULT '1',
  `app_shake_img` varchar(300) NOT NULL COMMENT '规则',
  `app_bg_color` varchar(300) NOT NULL COMMENT '规则',
  PRIMARY KEY (`id`)
) ENGINE=MyISAM DEFAULT CHARSET=utf8 ROW_FORMAT=DYNAMIC;

CREATE TABLE `ims_meepo_paoma_user` (
  `id` int(11) NOT NULL AUTO_INCREMENT,
  `weid` int(11) NOT NULL,
  `rid` int(10) NOT NULL,
  `rotate_id` int(11) NOT NULL,
  `from_user` varchar(100) NOT NULL,
  `openid` varchar(100) NOT NULL,
  `nickname` varchar(100) NOT NULL,
  `avatar` varchar(300) NOT NULL,
  `point` int(10) NOT NULL DEFAULT '0',
  `createtime` bigint(20) NOT NULL DEFAULT '0',
  PRIMARY KEY (`id`)
) ENGINE=MyISAM DEFAULT CHARSET=utf8 ROW_FORMAT=DYNAMIC;]]></install>
	<uninstall><![CDATA[]]></uninstall>
	<upgrade><![CDATA[]]></upgrade>
</manifest>